<?xml version="1.0" encoding="UTF-8"?>
<project-private xmlns="http://www.netbeans.org/ns/project-private/1">
    <editor-bookmarks xmlns="http://www.netbeans.org/ns/editor-bookmarks/2" lastBookmarkId="0"/>
    <open-files xmlns="http://www.netbeans.org/ns/projectui-open-files/2">
        <group>
            <file>file:/D:/Dokumen/E_5_Koperasi/src/com/raven/main/Main.java</file>
            <file>file:/D:/Dokumen/E_5_Koperasi/src/com/raven/swing/MenuItem.java</file>
            <file>file:/D:/Dokumen/E_5_Koperasi/src/com/raven/component/Menu.java</file>
            <file>file:/D:/Dokumen/E_5_Koperasi/src/com/raven/form/DashAdminView.java</file>
        </group>
    </open-files>
</project-private>
